Participant ID,Last Name,First Name,Middle Name,Full Name,District,Personnel Type,School,Position,Contact Number,Eligible,Winner,Claimed,Status,Created At
TD26-00001,Santos,Maria,G.,"Santos, Maria G.",NORTH,TEACHING,Malungon National High School,Teacher III,09171234001,ELIGIBLE,NO,NO,ACTIVE,2026-09-01 08:00:00
TD26-00002,Dela Cruz,Juan,P.,"Dela Cruz, Juan P.",SOUTH,TEACHING,Banate National High School,Master Teacher I,09171234002,ELIGIBLE,NO,NO,ACTIVE,2026-09-01 08:00:00
TD26-00003,Garcia,Ana,L.,"Garcia, Ana L.",EAST,TEACHING,Malandag Central Elementary School,Teacher II,09171234003,ELIGIBLE,NO,NO,ACTIVE,2026-09-01 08:00:00
TD26-00004,Reyes,Pedro,M.,"Reyes, Pedro M.",WEST,TEACHING,Lutay National High School,Head Teacher III,09171234004,ELIGIBLE,NO,NO,ACTIVE,2026-09-01 08:00:00
TD26-00005,Mendoza,Cristina,B.,"Mendoza, Cristina B.",PRIVATE,TEACHING,Malungon Institute,Teacher I,09171234005,ELIGIBLE,NO,NO,ACTIVE,2026-09-01 08:00:00
TD26-00006,Flores,Mark,R.,"Flores, Mark R.",NORTH,NON-TEACHING,Malungon Central Elementary School,Administrative Assistant II,09171234006,ELIGIBLE,NO,NO,ACTIVE,2026-09-01 08:00:00
TD26-00007,Gonzales,Rowena,S.,"Gonzales, Rowena S.",SOUTH,TEACHING,San Miguel Elementary School,Teacher I,09171234007,ELIGIBLE,NO,NO,ACTIVE,2026-09-01 08:00:00
TD26-00008,Bautista,Angelo,T.,"Bautista, Angelo T.",EAST,TEACHING,Kiblat Elementary School,Teacher III,09171234008,ELIGIBLE,NO,NO,ACTIVE,2026-09-01 08:00:00
TD26-00009,Villanueva,Lourdes,C.,"Villanueva, Lourdes C.",WEST,TEACHING,Tamban Elementary School,Teacher II,09171234009,ELIGIBLE,NO,NO,ACTIVE,2026-09-01 08:00:00
TD26-00010,Ramos,Gabriel,F.,"Ramos, Gabriel F.",PRIVATE,TEACHING,St. Therese Academy of Malungon,Teacher I,09171234010,ELIGIBLE,NO,NO,ACTIVE,2026-09-01 08:00:00
TD26-00011,Castro,Francis,A.,"Castro, Francis A.",NORTH,TEACHING,J.P. Laurel Elementary School,Teacher II,09171234011,ELIGIBLE,NO,NO,ACTIVE,2026-09-01 08:00:00
TD26-00012,Rivera,Maricel,D.,"Rivera, Maricel D.",SOUTH,NON-TEACHING,Banate Elementary School,School Registrar,09171234012,ELIGIBLE,NO,NO,ACTIVE,2026-09-01 08:00:00
TD26-00013,Aquino,Danilo,E.,"Aquino, Danilo E.",EAST,TEACHING,Panamin Elementary School,Master Teacher II,09171234013,ELIGIBLE,NO,NO,ACTIVE,2026-09-01 08:00:00
TD26-00014,Torres,Elena,H.,"Torres, Elena H.",WEST,TEACHING,Kawayan Integrated School,Teacher I,09171234014,ELIGIBLE,NO,NO,ACTIVE,2026-09-01 08:00:00
TD26-00015,Navarro,Michael,V.,"Navarro, Michael V.",PRIVATE,NON-TEACHING,Holy Cross Academy of Malungon,Administrative Officer II,09171234015,ELIGIBLE,NO,NO,ACTIVE,2026-09-01 08:00:00
TD26-00016,Salazar,Jocelyn,G.,"Salazar, Jocelyn G.",NORTH,TEACHING,Upper Biangan Elementary School,Teacher III,09171234016,ELIGIBLE,NO,NO,ACTIVE,2026-09-01 08:00:00
TD26-00017,Mercado,Emmanuel,L.,"Mercado, Emmanuel L.",SOUTH,TEACHING,Alkikan Elementary School,Teacher I,09171234017,ELIGIBLE,NO,NO,ACTIVE,2026-09-01 08:00:00
TD26-00018,De Leon,Michelle,P.,"De Leon, Michelle P.",EAST,TEACHING,Blaan Indigenous Integrated School,Teacher II,09171234018,ELIGIBLE,NO,NO,ACTIVE,2026-09-01 08:00:00
TD26-00019,Pascual,Jerome,M.,"Pascual, Jerome M.",WEST,NON-TEACHING,Upper Mainit Elementary School,Guidance Counselor,09171234019,ELIGIBLE,NO,NO,ACTIVE,2026-09-01 08:00:00
TD26-00020,Manalo,Cherry,B.,"Manalo, Cherry B.",PRIVATE,TEACHING,Adventist Academy of Malungon,Teacher II,09171234020,ELIGIBLE,NO,NO,ACTIVE,2026-09-01 08:00:00
